LMJ.RY0402.059575,LMJ.RY0402.065832,LMJ.RY0402.053366,LMJ.RY0402.060940,LMJ.RY0402.061064,LMJ.RY0402.049789,LMJ.RY0402.099838,LMJ.RY0402.107111,blank,LMJ.RY0402.089710,LMJ.RY0402.134831,LMJ.RY0402.115408
LMJ.RY0402.129505,LMJ.RY0402.135442,LMJ.RY0402.122106,LMJ.RY0402.135480,LMJ.RY0402.129521,LMJ.RY0402.135021,LMJ.RY0402.148985,LMJ.RY0402.148976,LMJ.RY0402.141730,LMJ.RY0402.149302,LMJ.RY0402.175777,LMJ.RY0402.175987
LMJ.RY0402.191114,LMJ.RY0402.217608,LMJ.RY0402.217129,LMJ.RY0402.228674,LMJ.RY0402.217560,LMJ.RY0402.211560,LMJ.RY0402.245207,LMJ.RY0402.253153,LMJ.RY0402.252360,LMJ.RY0402.252357,LMJ.RY0402.233216,LMJ.RY0402.242464
LMJ.RY0402.041137,LMJ.RY0402.060870,LMJ.RY0402.054766,LMJ.RY0402.042974,LMJ.RY0402.051951,LMJ.RY0402.240720,LMJ.RY0402.157320,LMJ.RY0402.068438,LMJ.RY0402.068431,LMJ.RY0402.053151,LMJ.RY0402.046948,LMJ.RY0402.049779
LMJ.RY0402.061331,LMJ.RY0402.107610,LMJ.RY0402.091653,LMJ.RY0402.108097,LMJ.RY0402.109144,LMJ.RY0402.089626,LMJ.RY0402.088561,LMJ.RY0402.128610,LMJ.RY0402.134339,LMJ.RY0402.134375,LMJ.RY0402.128710,LMJ.RY0402.134135
LMJ.RY0402.115497,LMJ.RY0402.100890,LMJ.RY0402.133654,LMJ.RY0402.169436,LMJ.RY0402.143480,LMJ.RY0402.163579,LMJ.RY0402.114255,LMJ.RY0402.143467,LMJ.RY0402.170884,LMJ.RY0402.179897,LMJ.RY0402.176088,LMJ.RY0402.205394
LMJ.RY0402.221324,LMJ.RY0402.221740,LMJ.RY0402.223596,LMJ.RY0402.216932,LMJ.RY0402.212834,LMJ.RY0402.230236,LMJ.RY0402.243751,LMJ.RY0402.236192,LMJ.RY0402.051951,LMJ.RY0402.167954,LMJ.RY0402.084641,LMJ.RY0402.201130
Blank,LMJ.RY0402.079363,LMJ.RY0402.059589,LMJ.RY0402.046668,LMJ.RY0402.080636,LMJ.RY0402.122231,LMJ.RY0402.128534,LMJ.RY0402.123121,LMJ.RY0402.169318,LMJ.RY0402.164560,LMJ.RY0402.143145,LMJ.RY0402.100284
LMJ.RY0402.154897,CC4533,LMJ.RY0402.229725,LMJ.RY0402.148950,LMJ.RY0402.216096,OE CRPW28,LMJ.RY0402.205277,LMJ.RY0402.211652,LMJ.RY0402.230459,mars1,LMJ.RY0402.237494,LMJ.RY0402.237674
LMJ.RY0402.137841,LMJ.RY0402.245567,LMJ.RY0402.252617,LMJ.RY0402.188228,LMJ.RY0402.189855,LMJ.RY0402.190286,blank,blank,LMJ.RY0402.222617,LMJ.RY0402.127175,LMJ.RY0402.123121,LMJ.RY0402.216025
blank,LMJ.RY0402.149302,LMJ.RY0402.224021,LMJ.RY0402.205359,LMJ.RY0402.210386,CC4533,LMJ.RY0402.252607,LMJ.RY0402.255887,LMJ.RY0402.235758,LMJ.RY0402.250984,LMJ.RY0402.057544,blank
LMJ.RY0402.184946,LMJ.RY0402.056726,LMJ.RY0402.065278,LMJ.RY0402.078861,LMJ.RY0402.169413,LMJ.RY0402.085610,LMJ.RY0402.141684,LMJ.RY0402.139924,LMJ.RY0402.175553,LMJ.RY0402.120879,LMJ.RY0402.165719,LMJ.RY0402.039556
LMJ.RY0402.217702,mars1,LMJ.RY0402.197318,LMJ.RY0402.203740,LMJ.RY0402.182020,OE CRPW28,LMJ.RY0402.192121,LMJ.RY0402.147525,LMJ.RY0402.152475,cc4533,LMJ.RY0402.141182,LMJ.RY0402.252694
LMJ.RY0402.159657,crpw28,crpw49,crpw6,crpw15,crpw17,crpw1,cpUPR reporter,LMJ.RY0402.217608,LMJ.RY0402.223850,LMJ.RY0402.212351,LMJ.RY0402.073052
blank,LMJ.RY0402.053879,LMJ.RY0402.069599,LMJ.RY0402.059638,LMJ.RY0402.148976,blank,LMJ.RY0402.116194,blank,LMJ.RY0402.084841,LMJ.RY0402.112363,LMJ.RY0402.221456,blank